word1,word2,count
);,//,80
CSV,ファイル,62
(),関数,60
れる,データ,58
れる,関数,53
データ,可視,51
);,gridSize,47
できる,データ,46
できる,関数,46
);,float,46
データ,ビジュアライズ,43
引数,関数,43
);,text,41
データ,配列,37
データ,変換,36
データ,表現,35
図形,描く,35
データ,格納,34
//,int,34
データ,分析,33
れる,変数,33
変数,宣言,33
データ,学ぶ,31
描く,関数,31
れる,含む,30
//,データ,30
コード,セル,30
CSV,読み込む,29
グラフ,データ,29
draw,関数,29
);,pos,29
gridSize,pos,29
描画,関数,28
くださる,コード,28
変数,格納,27
代入,変数,27
コード,サンプル,27
//,text,27
//,描画,27
データ,処理,26
ファイル,読み込む,26
れる,コード,26
変換,関数,26
);,height,26
);,map,26
float,map,26
//,gridSize,26
できる,れる,25
くださる,参照,25
map,関数,25
setup,関数,25
//,配列,25
データ,視覚,24
CSV,データ,24
図形,関数,24
HSB,カラーモード,24
if,条件,24
);,fill,24
格納,配列,24
);,textAlign,24
データ,理解,23
ファイル,保存,23
変数,関数,23
処理,条件,23
);,"],",23
データ,読み込む,22
れる,保存,22
できる,変数,22
);,textSize,22
//,float,22
できる,表現,21
みる,描く,21
);,line,21
);,width,21
データ,要素,21
[],配列,21
"(""",);,21
データ,ファイル,20
れる,書く,20
みる,コード,20
座標,計算,20
データ,描画,20
エッジ,ノード,20
(),void,20
//,[],20
""");","(""",20
"],",float,20
"],",map,20
平均,計算,20
//,メモリ,20
//,ラベル,20
れる,描く,19
成立,条件,19
要素,視覚,19
データ,情報,19
map,変換,19
データ,気温,19
経度,緯度,19
(),draw,19
"(""",text,19
//,座標,19
イベント,処理,19
できる,可視,19
主成分,分析,19
GPU,描画,19
データ,見る,18
できる,計算,18
文字,関数,18
コード,参照,18
height,width,18
みる,データ,18
データ,平均,18
//,格納,18
""",",//,18
""",",);,18
);,メモリ,18
gridSize,text,18
line,関数,17
text,関数,17
コード,関数,17
れる,処理,17
//,変換,17
float,gridSize,17
UI,コンポーネント,17
れる,選択,17
Colab,Google,17
Python,データ,16
データ,収集,16
Processing,できる,16
れる,ファイル,16
明度,色相,16
else,if,16
[],float,16
float,配列,16
"(""",//,16
//,グリッド,16
""",","(""",16
くださる,サンプル,16
イン,ポート,16
られる,データ,15
表現,視覚,15
データ,意味,15
分析,可視,15
分岐,条件,15
座標,関数,15
れる,引数,15
できる,数値,15
変数,数値,15
コード,書く,15
random,関数,15
れる,画面,15
できる,作品,15
データ,行う,15
変換,座標,15
データ,特徴,15
""");",getFloatColumn,15
"(""",getFloatColumn,15
//,計算,15
//,描く,15
//,カメラ,15
//,pos,15
gridSize,メモリ,15
pos,メモリ,15
サンプル,参照,15
保存,変数,15
データ,主成分,15
Google,ドライブ,15
できる,見る,15
データ,示す,14
データ,基本,14
できる,理解,14
れる,ウィンドウ,14
座標,描く,14
特性,色覚,14
float,格納,14
られる,得る,14
れる,グラフ,14
データ,変数,14
平均,気温,14
グリッド,描く,14
平均,都市,14
);,dx,14
);,dy,14
ControlP,ライブラリ,14
れる,スライダー,14
Processing,データ,13
データ,棒グラフ,13
://,https,13
スケッチ,ファイル,13
コード,スケッチ,13
始点,終点,13
CENTER,textAlign,13
できる,図形,13
データ,適す,13
れる,格納,13
データ,描く,13
処理,行う,13
データ,ポイント,13
範囲,関数,13
if,書く,13
);,size,13
要素,配列,13
text,メモリ,13
オブジェクト,宣言,13
データ,含む,13
(),できる,13
(),setup,13
setup,void,13
draw,void,13
宣言,部分,13
れる,セル,13
れる,削除,13
埋める,欠損,13
削除,欠損,13
図形,描画,12
れる,用意,12
れる,プログラム,12
line,描く,12
ellipse,関数,12
中心,座標,12
位置,座標,12
画面,関数,12
最大,最小,12
HSB,色相,12
せる,変化,12
れる,代入,12
描く,棒グラフ,12
できる,処理,12
れる,表す,12
変数,用意,12
処理,関数,12
できる,描画,12
ファイル,関数,12
呼び出す,関数,12
グラフ,要素,12
データ,扱う,12
データ,計算,12
データ,マッピング,12
データ,多い,12
CSV,形式,12
データ,形式,12
地図,画像,12
れる,可視,12
);,translate,12
csv,読み込む,12
);,background,12
[],データ,12
[],格納,12
float,データ,12
//,基づく,12
基づく,計算,12
);,index,12
"],",index,12
float,index,12
index,map,12
float,height,12
//,アニメーション,12
);,CENTER,12
gridSize,line,12
line,pos,12
""",",text,12
""",",ラベル,12
"(""",ラベル,12
);,ラベル,12
text,ラベル,12
データ,ユーザ,12
イン,ライブラリ,12
ポート,ライブラリ,12
含む,欠損,12
主成分,係数,12
データ,規模,11
Processing,可視,11
データ,作品,11
れる,構成,11
れる,作品,11
れる,高い,11
れる,表現,11
プログラム,書く,11
れる,描画,11
れる,状態,11
れる,座標,11
ウィンドウ,高い,11
LEFT,textAlign,11
stroke,関数,11
fill,関数,11
くださる,見る,11
fill,stroke,11
for,ループ,11
数値,関数,11
書く,関数,11
コード,描画,11
れる,数値,11
できる,グラフ,11
れる,要素,11
処理,成立,11
できる,高い,11
れる,条件,11
条件,比較,11
if,処理,11
for,描画,11
できる,特徴,11
for,int,11
変換,要素,11
データ,把握,11
数値,視覚,11
グリッド,メモリ,11
データ,関数,11
CSV,できる,11
サイト,サポート,11
エッジ,データ,11
draw,setup,11
//,停止,11
//,日本,11
//,アメリカ,11
);,box,11
//,モード,11
イベント,実装,11
処理,実装,11
れる,選択肢,11
れる,インデックス,11
削除,重複,11
データフレーム,読み込む,11
れる,年齢,11
削除,含む,11
共同,提出,11
提出,議員,11
可視,発見,10
基本,学ぶ,10
条件,繰り返し,10
データ,考える,10
Processing,れる,10
できる,コード,10
ファイル,フォルダ,10
部分,関数,10
座標,引数,10
れる,図形,10
四角形,描く,10
text,文字,10
れる,配置,10
位置,関数,10
いく,見る,10
コード,見る,10
せる,できる,10
低い,高い,10
println,関数,10
構成,要素,10
できる,説明,10
データ,長い,10
引数,範囲,10
書く,条件,10
みる,見る,10
れる,位置,10
データ,目的,10
コード,解説,10
保存,画像,10
れる,名前,10
グラフ,学ぶ,10
グラフ,描画,10
変換,視覚,10
データ,説明,10
れる,情報,10
変換,長い,10
height,map,10
計算,関数,10
変換,配列,10
CSV,保存,10
Table,オブジェクト,10
データ,地震,10
csv,ファイル,10
データ,ノード,10
(),描画,10
GDP,当たり,10
寿命,平均,10
draw,れる,10
float,width,10
();,//,10
);,LEFT,10
PeasyCam,cam,10
実装,関数,10
可視,行う,10
データ,集計,10
ネットワーク,分析,10
れる,ノートブック,10
インデックス,削除,10
データフレーム,結合,10
年齢,職業,10
年齢,次郎,10
られる,埋める,10
収入,年齢,10
計算,都市,10
主成分,寄与,10
クラスタ,スポット,10
データビジュアライゼーション,作る,10
作品,見る,10
収集,情報,10
データ,技術,9
できる,持つ,9
れる,視覚,9
データ,調べる,9
作品,発見,9
発見,記録,9
Processing,描画,9
できる,ライブラリ,9
できる,視覚,9
やすい,データ,9
れる,コンソール,9
保存,名前,9
フォルダ,保存,9
スケッチ,フォルダ,9
描く,描画,9
れる,部分,9
できる,文字,9
れる,文字,9
中心,関数,9
ウィンドウ,座標,9
size,関数,9
変える,関数,9
rect,関数,9
太い,関数,9
できる,変換,9
れる,変換,9
できる,位置,9
できる,引数,9
line,描画,9
学ぶ,描く,9
みる,関数,9
いく,コード,9
HSB,明度,9
やすい,わかる,9
できる,選択,9
for,描く,9
コード,数値,9
int,変数,9
変数,文字,9
できる,行う,9
書く,部分,9
れる,中心,9
れる,最初,9
生成,関数,9
れる,更新,9
コード,示す,9
else,条件,9
);,stroke,9
できる,ファイル,9
保存,形式,9
れる,フォルダ,9
グラフ,描く,9
カラー,スケール,9
ルール,変換,9
れる,エッジ,9
データ,応じる,9
コード,データ,9
csv,保存,9
Table,格納,9
できる,操作,9
マグニチュード,深い,9
マグニチュード,震源,9
pos,text,9
""",",gridSize,9
"(""",gridSize,9
gridSize,ラベル,9
);,screenX,9
float,screenX,9
);,screenY,9
float,screenY,9
//,dx,9
//,dy,9
UI,データ,9
UI,ユーザ,9
データ,探索,9
れる,チェックボックス,9
れる,行う,9
スライダー,関数,9
チェックボックス,選択,9
できる,探索,9
データ,削除,9
Pandas,れる,9
れる,データフレーム,9
df,データフレーム,9
リスト,引数,9
df,取り出す,9
join,結合,9
データ,欠損,9
平均,年齢,9
できる,主成分,9
可視,情報,9
共同,議員,9
提出,議案,9
エッジ,議員,9
物語,発見,9
可視,意味,9
戻り,関数,9
データ,専門,8
れる,示す,8
データ,データビジュアライゼーション,8
データ,持つ,8
Python,可視,8
データ,背景,8
Processing,学ぶ,8
基本,描画,8
学ぶ,描画,8
ネットワーク,可視,8
Python,分析,8
データ,整形,8
できる,設計,8
れる,自分,8
できる,やすい,8
れる,スケッチ,8
れる,呼ぶ,8
スケッチ,保存,8
つける,名前,8
保存,選択,8
つける,できる,8
ファイル,画像,8
コード,ファイル,8
みる,書く,8
みる,図形,8
情報,関数,8
描く,高い,8
関数,高い,8
ピクセル,高い,8
始点,座標,8
座標,終点,8
コード,描く,8
RGB,カラーモード,8
カラーモード,色相,8
できる,色相,8
れる,持つ,8
できる,情報,8
名前,変数,8
代入,宣言,8
格納,関数,8
height,ウィンドウ,8
width,ウィンドウ,8
みる,れる,8
代入,関数,8
for,みる,8
れる,生成,8
宣言,関数,8
くださる,みる,8
できる,条件,8
二つ,条件,8
else,書く,8
画像,関数,8
グラフ,表現,8
表現,長い,8
ネットワーク,ノード,8
データ,関係,8
データ,地図,8
データ,位置,8
データ,特定,8
れる,作る,8
データ,パターン,8
返す,関数,8
東京,気温,8
Table,データ,8
ビジュアライズ,環状,8
データ,日本,8
れる,震源,8
深い,震源,8
地図,経度,8
地図,緯度,8
(),変換,8
ステップ,データ,8
データ,ネットワーク,8
れる,呼び出す,8
れる,内容,8
dataCount,int,8
//,人口,8
//,GDP,8
//,当たり,8
//,寿命,8
//,平均,8
//,最初,8
基づく,座標,8
xgridmax,xgridmin,8
ygridmax,ygridmin,8
float,pos,8
可視,探索,8
基本,情報,8
れる,実装,8
スライダー,実装,8
イベント,関数,8
引数,渡す,8
保存,宣言,8
選択,選択肢,8
スライダー,マグニチュード,8
ノートブック,開く,8
データフレーム,関数,8
名前,年齢,8
削除,引数,8
削除,特定,8
収入,平均,8
収入,計算,8
年齢,計算,8
分析,手法,8
主成分,生徒,8
国語,数学,8
国語,英語,8
主成分,特徴,8
評価,項目,8
わかる,可視,8
エッジ,提出,8
データ,物語,8
可視,変数,8
Exploring,可視,8
描画,頂点,8
れる,囲む,7
データ,社会,7
データ,引き出す,7
データ,見える,7
データ,傾向,7
データ,発見,7
作品,可視,7
考える,見る,7
自分,見る,7
れる,設計,7
インタラクティブ,作品,7
れる,計算,7
おる,れる,7
やすい,理解,7
れる,ライブラリ,7
データ,プログラム,7
ビジュアライズ,学ぶ,7
Processing,スケッチ,7
できる,保存,7
Processing,ファイル,7
コード,保存,7
ellipse,描く,7
れる,変わる,7
大きい,関数,7
textSize,関数,7
大きい,文字,7
サイズ,関数,7
ピクセル,関数,7
れる,インストール,7
変換,文字,7
できる,座標,7
長い,関数,7
図形,境界,7
stroke,図形,7
fill,図形,7
れる,意味,7
せる,関数,7
HSB,RGB,7
数学,英語,7
できる,明度,7
できる,変化,7
情報,持つ,7
数値,格納,7
図形,変数,7
変数,座標,7
コード,変数,7
せる,みる,7
せる,コード,7
代入,数値,7
初期,変数,7
できる,意味,7
カンマ,区切る,7
れる,宣言,7
宣言,格納,7
変数,描画,7
イン,ビルト,7
イン,変数,7
ビルト,変数,7
できる,学習,7
できる,描く,7
処理,繰り返す,7
for,できる,7
処理,書く,7
位置,描く,7
れる,ランダム,7
くださる,注意,7
示す,関数,7
みる,座標,7
条件,部分,7
if,成立,7
れる,見る,7
for,if,7
れる,選ぶ,7
データ,数値,7
作る,作品,7
ウィンドウ,範囲,7
PDF,ファイル,7
ファイル,引数,7
グラフ,構成,7
示す,適す,7
エッジ,ネットワーク,7
グラフ,示す,7
変換,描く,7
データ,得る,7
map,データ,7
できる,配列,7
代入,配列,7
for,データ,7
データ,東京,7
みる,グリッド,7
変化,気温,7
できる,作る,7
コード,生成,7
データ,人口,7
データ,保存,7
できる,自分,7
データ,操作,7
table,データ,7
気温,都市,7
データ,深い,7
(),メソッド,7
(),map,7
XY,座標,7
変換,経度,7
変換,緯度,7
データ,手法,7
ループ,描画,7
データ,環状,7
東京,都市,7
座標,直交,7
translate,原点,7
(),引数,7
fps,フレームレート,7
frameRate,フレームレート,7
map,width,7
//,ループ,7
);,new,7
);,座標,7
//,box,7
box,描画,7
//,位置,7
カメラ,位置,7
メモリ,座標,7
dx,float,7
dx,screenX,7
dy,float,7
dy,screenY,7
dx,dy,7
dx,text,7
dy,text,7
システム,ユーザ,7
UI,実装,7
UI,ライブラリ,7
ControlP,UI,7
れる,イベント,7
選ぶ,選択肢,7
おく,処理,7
スライダー,震源,7
チェックボックス,深い,7
収集,可視,7
Python,行う,7
やすい,可視,7
主成分,変数,7
Pandas,データ,7
れる,分析,7
コード,ノートブック,7
Google,ノートブック,7
セル,ノートブック,7
Google,れる,7
CSV,含む,7
'],[',7
年齢,示す,7
年齢,都市,7
四郎,次郎,7
外部,結合,7
れる,次郎,7
られる,次郎,7
埋める,次郎,7
られる,年齢,7
埋める,年齢,7
ソート,年齢,7
グループ,平均,7
グループ,計算,7
できる,発見,7
パターン,発見,7
国語,理科,7
国語,社会,7
数学,理科,7
数学,社会,7
理科,社会,7
社会,英語,7
共同,議案,7
議員,議案,7
探索,見る,7
パターン,ランゲージ,7
ヒント,実践,7
ない,関数,7
戻る,関数,7
GPU,できる,7
ない,データ,6
AI,生成,6
れる,出力,6
データ,自分,6
意味,持つ,6
Processing,Python,6
データ,考え方,6
処理,可視,6
技術,表現,6
データ,切り口,6
データ,流れ,6
切り口,可視,6
できる,取り組む,6
Processing,図形,6
図形,学ぶ,6
学ぶ,条件,6
できる,直感,6
できる,用意,6
やすい,れる,6
れる,理解,6
データ,ライブラリ,6
みる,プログラム,6
できる,プログラム,6
できる,書く,6
れる,扱う,6
座標,高い,6
原点,座標,6
変える,大きい,6
rect,描く,6
strokeWeight,関数,6
text,できる,6
);,ellipse,6
中身,境界,6
学ぶ,関数,6
できる,部分,6
background,背景,6
できる,組み合わせる,6
数値,書く,6
みる,変える,6
描く,青い,6
赤い,青い,6
カラーモード,明度,6
理解,見る,6
数値,表現,6
ビジュアライズ,表現,6
れる,パターン,6
できる,格納,6
数値,計算,6
Processing,変数,6
できる,代入,6
変数,書く,6
int,整数,6
変数,整数,6
println,れる,6
println,変数,6
できる,変える,6
height,高い,6
くださる,ドキュメント,6
参照,詳しい,6
れる,繰り返す,6
描く,繰り返す,6
データ,共通,6
くる,見える,6
for,繰り返す,6
繰り返す,関数,6
加算,繰り返し,6
random,生成,6
for,要素,6
できる,学ぶ,6
れる,比較,6
条件,満たす,6
if,部分,6
変数,多い,6
else,処理,6
いく,順番,6
プログラム,関数,6
学ぶ,技術,6
れる,読み込む,6
学ぶ,読み込む,6
コード,具体,6
基本,関数,6
くださる,解説,6
範囲,色相,6
ファイル,描画,6
保存,関数,6
れる,存在,6
アニメーション,ビジュアライズ,6
データ,高い,6
描画,表現,6
学ぶ,要素,6
データ,連続,6
示す,関係,6
データ,構造,6
れる,関係,6
グラフ,タイトル,6
データ,表す,6
できる,パターン,6
データ,作る,6
まとめる,作品,6
できる,思う,6
データ,知識,6
グラフ,メモリ,6
変換,範囲,6
要素,関数,6
取り出す,配列,6
インデックス,番号,6
メモリ,余白,6
メモリ,描く,6
map,高い,6
くださる,データ,6
みる,描画,6
パターン,紹介,6
lerpColor,関数,6
GDP,データ,6
できる,特定,6
CSV,Processing,6
CSV,スケッチ,6
CSV,れる,6
data,保存,6
くださる,れる,6
CSV,コード,6
コード,入力,6
loadTable,関数,6
getFloatColumn,メソッド,6
データ,メソッド,6
変化,応じる,6
データ,都市,6
アメリカ,データ,6
画像,読み込む,6
座標,緯度,6
範囲,緯度,6
(),気温,6
データ,最初,6
地域,気温,6
気温,環状,6
れる,都市,6
ネットワーク,関係,6
エッジ,関係,6
ノード,関係,6
ノード,次数,6
CSV,csv,6
エッジ,描画,6
ノード,描画,6
ノード,位置,6
ローカル,変数,6
);,fps,6
);,frameRate,6
);,フレームレート,6
//,fps,6
//,frameRate,6
//,フレームレート,6
fps,frameRate,6
//,Table,6
//,table,6
//,テーブル,6
Table,テーブル,6
テーブル,データ,6
テーブル,格納,6
float,populationjp,6
float,gdpjp,6
float,lifespanjp,6
平均,格納,6
//,currentYear,6
currentYear,int,6
int,minYear,6
//,最後,6
"(""",loadTable,6
""");",""",",6
""");",csv,6
""");",header,6
""",",csv,6
""",",header,6
csv,header,6
);,xgridmax,6
);,xgridmin,6
float,xgridmax,6
float,xgridmin,6
map,xgridmax,6
map,xgridmin,6
width,xgridmax,6
width,xgridmin,6
);,ygridmax,6
);,ygridmin,6
float,ygridmax,6
float,ygridmin,6
height,ygridmax,6
height,ygridmin,6
map,ygridmax,6
map,ygridmin,6
//,進める,6
アニメーション,停止,6
();,noLoop,6
();,停止,6
//,noLoop,6
noLoop,停止,6
//,height,6
height,line,6
+=,<=,6
+=,for,6
+=,int,6
<=,for,6
<=,int,6
height,text,6
();,pushMatrix,6
();,popMatrix,6
""");",//,6
//,読み込む,6
int,変換,6
//,timeElapsed,6
//,経過,6
//,minutesElapsed,6
int,minutesElapsed,6
//,注視,6
);,japaneseFont,6
