chapter,rank,word,count,freq,appearance
Foreword,1,データ,18,0.088235,2
Foreword,2,技術,7,0.034314,10
Foreword,3,データビジュアライゼーション,7,0.034314,31
Foreword,4,本書,5,0.02451,38
Foreword,5,可視,5,0.02451,41
Foreword,6,表現,4,0.019608,33
Foreword,7,研究,4,0.019608,37
Foreword,8,社会,3,0.014706,1
Foreword,9,普及,3,0.014706,5
Foreword,10,学習,3,0.014706,8
Foreword,11,AI,3,0.014706,9
Foreword,12,規模,3,0.014706,27
Foreword,13,視覚,3,0.014706,32
Foreword,14,構成,3,0.014706,45
Foreword,15,インターネット,2,0.009804,3
Foreword,16,知見,2,0.009804,12
Foreword,17,作成,2,0.009804,21
Foreword,18,答え,2,0.009804,26
Foreword,19,課題,2,0.009804,28
Foreword,20,扱い,2,0.009804,29
Foreword,21,自分,2,0.009804,30
Foreword,22,専門,2,0.009804,34
Foreword,23,人々,2,0.009804,35
Foreword,24,傾向,2,0.009804,36
Foreword,25,世界,2,0.009804,39
Foreword,26,プログラミング,2,0.009804,40
Foreword,27,Processing,2,0.009804,42
Foreword,28,Python,2,0.009804,43
Foreword,29,考え方,2,0.009804,44
Foreword,30,作品,2,0.009804,46
Foreword,31,制作,2,0.009804,47
Foreword,32,実践,2,0.009804,48
Foreword,33,分析,2,0.009804,49
Foreword,34,基本,2,0.009804,50
Foreword,35,スマートフォン,1,0.004902,4
Foreword,36,蓄積,1,0.004902,6
Foreword,37,機械,1,0.004902,7
Foreword,38,進歩,1,0.004902,11
Foreword,39,天気,1,0.004902,13
Foreword,40,予報,1,0.004902,14
Foreword,41,医療,1,0.004902,15
Foreword,42,診断,1,0.004902,16
Foreword,43,場面,1,0.004902,17
Foreword,44,活用,1,0.004902,18
Foreword,45,生成,1,0.004902,19
Foreword,46,レポート,1,0.004902,20
Foreword,47,情報,1,0.004902,22
Foreword,48,検索,1,0.004902,23
Foreword,49,自信満々,1,0.004902,24
Foreword,50,出力,1,0.004902,25
Chapter1,1,関数,145,0.040133,22
Chapter1,2,変数,100,0.027678,39
Chapter1,3,指定,97,0.026847,26
Chapter1,4,条件,92,0.025464,44
Chapter1,5,実行,77,0.021312,12
Chapter1,6,図形,69,0.019098,19
Chapter1,7,表示,64,0.017714,5
Chapter1,8,if,57,0.015776,48
Chapter1,9,引数,54,0.014946,23
Chapter1,10,座標,53,0.014669,25
Chapter1,11,コード,52,0.014392,3
Chapter1,12,文字,48,0.013285,15
Chapter1,13,Processing,43,0.011901,1
Chapter1,14,処理,43,0.011901,43
Chapter1,15,カラーモード,41,0.011348,32
Chapter1,16,数値,40,0.011071,30
Chapter1,17,色相,39,0.010794,34
Chapter1,18,ウィンドウ,38,0.010518,10
Chapter1,19,for,35,0.009687,38
Chapter1,20,プログラム,33,0.009134,7
Chapter1,21,部分,33,0.009134,8
Chapter1,22,作品,32,0.008857,2
Chapter1,23,変更,31,0.00858,17
Chapter1,24,格納,30,0.008303,16
Chapter1,25,HSB,30,0.008303,33
Chapter1,26,代入,28,0.00775,40
Chapter1,27,ファイル,27,0.007473,9
Chapter1,28,描画,27,0.007473,13
Chapter1,29,宣言,25,0.006919,41
Chapter1,30,else,25,0.006919,49
Chapter1,31,繰り返し,24,0.006643,42
Chapter1,32,ピクセル,23,0.006366,27
Chapter1,33,範囲,23,0.006366,28
Chapter1,34,表現,22,0.006089,4
Chapter1,35,ランダム,22,0.006089,36
Chapter1,36,成立,22,0.006089,45
Chapter1,37,保存,21,0.005812,14
Chapter1,38,命令,21,0.005812,20
Chapter1,39,比較,21,0.005812,47
Chapter1,40,方法,20,0.005536,6
Chapter1,41,使用,20,0.005536,21
Chapter1,42,明度,20,0.005536,35
Chapter1,43,random,20,0.005536,46
Chapter1,44,スケッチ,19,0.005259,11
Chapter1,45,RGB,19,0.005259,31
Chapter1,46,設定,16,0.004428,37
Chapter1,47,記述,15,0.004152,18
Chapter1,48,背景,15,0.004152,29
Chapter1,49,復習,15,0.004152,50
Chapter1,50,中心,14,0.003875,24
Chapter2,1,データ,140,0.064103,1
Chapter2,2,グラフ,62,0.028388,2
Chapter2,3,関数,58,0.026557,30
Chapter2,4,配列,58,0.026557,36
Chapter2,5,変換,53,0.024267,9
Chapter2,6,要素,49,0.022436,7
Chapter2,7,CSV,38,0.017399,14
Chapter2,8,ファイル,38,0.017399,15
Chapter2,9,コード,37,0.016941,32
Chapter2,10,グリッド,30,0.013736,23
Chapter2,11,視覚,28,0.012821,8
Chapter2,12,表現,27,0.012363,6
Chapter2,13,メモリ,25,0.011447,20
Chapter2,14,方法,24,0.010989,4
Chapter2,15,描画,23,0.010531,3
Chapter2,16,作成,22,0.010073,13
Chapter2,17,棒グラフ,20,0.009158,17
Chapter2,18,ポイント,20,0.009158,21
Chapter2,19,範囲,20,0.009158,29
Chapter2,20,表示,20,0.009158,40
Chapter2,21,数値,17,0.007784,10
Chapter2,22,色相,17,0.007784,27
Chapter2,23,引数,17,0.007784,31
Chapter2,24,実行,17,0.007784,33
Chapter2,25,指定,16,0.007326,34
Chapter2,26,座標,16,0.007326,35
Chapter2,27,取得,15,0.006868,38
Chapter2,28,気温,15,0.006868,41
Chapter2,29,余白,15,0.006868,43
Chapter2,30,保存,15,0.006868,48
Chapter2,31,px,14,0.00641,44
Chapter2,32,位置,13,0.005952,24
Chapter2,33,温度,13,0.005952,45
Chapter2,34,追加,13,0.005952,46
Chapter2,35,マッピング,13,0.005952,47
Chapter2,36,ルール,12,0.005495,11
Chapter2,37,特性,12,0.005495,25
Chapter2,38,色覚,12,0.005495,26
Chapter2,39,オブジェクト,12,0.005495,50
Chapter2,40,散布図,11,0.005037,18
Chapter2,41,変数,11,0.005037,19
Chapter2,42,使用,11,0.005037,22
Chapter2,43,平均,11,0.005037,42
Chapter2,44,スケッチ,11,0.005037,49
Chapter2,45,ビジュアライズ,10,0.004579,5
Chapter2,46,スケール,10,0.004579,12
Chapter2,47,バーチャート,10,0.004579,16
Chapter2,48,得点,10,0.004579,28
Chapter2,49,格納,10,0.004579,37
Chapter2,50,for,10,0.004579,39
Chapter3,1,データ,101,0.029979,1
Chapter3,2,関数,69,0.020481,7
Chapter3,3,座標,56,0.016622,22
Chapter3,4,描画,56,0.016622,33
Chapter3,5,processing,44,0.01306,41
Chapter3,6,ビジュアライズ,42,0.012467,2
Chapter3,7,配列,37,0.010982,20
Chapter3,8,表示,35,0.010389,10
Chapter3,9,表現,34,0.010092,27
Chapter3,10,地図,33,0.009795,3
Chapter3,11,設定,33,0.009795,30
Chapter3,12,エッジ,33,0.009795,39
Chapter3,13,変換,31,0.009202,23
Chapter3,14,ノード,31,0.009202,38
Chapter3,15,計算,30,0.008905,18
Chapter3,16,変数,30,0.008905,25
Chapter3,17,cam,30,0.008905,50
Chapter3,18,格納,29,0.008608,21
Chapter3,19,気温,29,0.008608,28
Chapter3,20,アニメーション,26,0.007717,6
Chapter3,21,コード,26,0.007717,24
Chapter3,22,line,24,0.007124,36
Chapter3,23,textAlign,24,0.007124,44
Chapter3,24,緯度,23,0.006827,12
Chapter3,25,画像,22,0.00653,14
Chapter3,26,位置,21,0.006233,11
Chapter3,27,ファイル,21,0.006233,15
Chapter3,28,textSize,21,0.006233,42
Chapter3,29,ラベル,21,0.006233,48
Chapter3,30,メモリ,20,0.005936,47
Chapter3,31,経度,19,0.00564,13
Chapter3,32,CSV,19,0.00564,16
Chapter3,33,getFloatColumn,19,0.00564,19
Chapter3,34,for,19,0.00564,31
Chapter3,35,カメラ,19,0.00564,46
Chapter3,36,日本,18,0.005343,9
Chapter3,37,ヒートマップ,17,0.005046,4
Chapter3,38,環状,17,0.005046,5
Chapter3,39,ループ,17,0.005046,32
Chapter3,40,translate,17,0.005046,37
Chapter3,41,グリッド,17,0.005046,40
Chapter3,42,currentYear,17,0.005046,43
Chapter3,43,PeasyCam,17,0.005046,49
Chapter3,44,範囲,16,0.004749,26
Chapter3,45,中心,16,0.004749,34
Chapter3,46,方法,15,0.004452,8
Chapter3,47,平均,15,0.004452,29
Chapter3,48,実行,15,0.004452,35
Chapter3,49,timeCurrent,15,0.004452,45
Chapter3,50,取得,14,0.004156,17
Chapter4,1,関数,56,0.039576,35
Chapter4,2,実装,43,0.030389,12
Chapter4,3,スライダー,41,0.028975,18
Chapter4,4,UI,37,0.026148,6
Chapter4,5,震源,29,0.020495,49
Chapter4,6,データ,28,0.019788,1
Chapter4,7,ユーザ,28,0.019788,2
Chapter4,8,選択,27,0.019081,17
Chapter4,9,表示,25,0.017668,4
Chapter4,10,選択肢,24,0.016961,42
Chapter4,11,チェックボックス,23,0.016254,24
Chapter4,12,ControlP,22,0.015548,21
Chapter4,13,コード,21,0.014841,30
Chapter4,14,コンポーネント,20,0.014134,16
Chapter4,15,宣言,20,0.014134,33
Chapter4,16,処理,20,0.014134,40
Chapter4,17,イベント,19,0.013428,39
Chapter4,18,変数,19,0.013428,45
Chapter4,19,ライブラリ,18,0.012721,22
Chapter4,20,用意,17,0.012014,25
Chapter4,21,サンプル,17,0.012014,28
Chapter4,22,保存,17,0.012014,43
Chapter4,23,部分,16,0.011307,10
Chapter4,24,作成,15,0.010601,20
Chapter4,25,オブジェクト,15,0.010601,34
Chapter4,26,マグニチュード,12,0.008481,48
Chapter4,27,方法,11,0.007774,3
Chapter4,28,変更,11,0.007774,5
Chapter4,29,メンタルモデル,11,0.007774,13
Chapter4,30,ドロップダウンリスト,11,0.007774,19
Chapter4,31,使用,11,0.007774,23
Chapter4,32,位置,11,0.007774,27
Chapter4,33,ポイント,11,0.007774,32
Chapter4,34,指定,11,0.007774,38
Chapter4,35,状態,10,0.007067,47
Chapter4,36,ツールチップ,10,0.007067,50
Chapter4,37,システム,9,0.00636,7
Chapter4,38,ビジュアライズ,9,0.00636,9
Chapter4,39,基本,9,0.00636,15
Chapter4,40,画面,9,0.00636,31
Chapter4,41,引数,9,0.00636,41
Chapter4,42,インデックス,9,0.00636,46
Chapter4,43,マウス,8,0.005654,11
Chapter4,44,参照,8,0.005654,26
Chapter4,45,初期,8,0.005654,36
Chapter4,46,slider,8,0.005654,37
Chapter4,47,配列,8,0.005654,44
Chapter4,48,情報,7,0.004947,8
Chapter4,49,カテゴリ,7,0.004947,14
Chapter4,50,実行,7,0.004947,29
Chapter5,1,データ,163,0.03964,2
Chapter5,2,主成分,78,0.018969,25
Chapter5,3,コード,75,0.018239,30
Chapter5,4,データフレーム,63,0.015321,39
Chapter5,5,セル,57,0.013862,32
Chapter5,6,削除,56,0.013619,22
Chapter5,7,指定,55,0.013375,40
Chapter5,8,分析,54,0.013132,8
Chapter5,9,関数,53,0.012889,34
Chapter5,10,可視,48,0.011673,1
Chapter5,11,欠損,44,0.0107,19
Chapter5,12,実行,44,0.0107,27
Chapter5,13,年齢,44,0.0107,42
Chapter5,14,作成,42,0.010214,11
Chapter5,15,インデックス,41,0.009971,41
Chapter5,16,Google,40,0.009728,15
Chapter5,17,確認,38,0.009241,13
Chapter5,18,表示,36,0.008755,33
Chapter5,19,引数,34,0.008268,35
Chapter5,20,平均,34,0.008268,45
Chapter5,21,ノートブック,33,0.008025,31
Chapter5,22,使用,31,0.007539,7
Chapter5,23,結合,31,0.007539,18
Chapter5,24,処理,28,0.006809,3
Chapter5,25,集計,28,0.006809,24
Chapter5,26,特徴,27,0.006566,10
Chapter5,27,都市,27,0.006566,43
Chapter5,28,クラスタ,27,0.006566,48
Chapter5,29,計算,26,0.006323,4
Chapter5,30,ネットワーク,25,0.00608,26
Chapter5,31,保存,25,0.00608,29
Chapter5,32,ライブラリ,24,0.005837,9
Chapter5,33,重複,24,0.005837,21
Chapter5,34,議員,24,0.005837,49
Chapter5,35,複数,23,0.005593,17
Chapter5,36,名前,23,0.005593,37
Chapter5,37,グループ,23,0.005593,46
Chapter5,38,方法,22,0.00535,5
Chapter5,39,Python,22,0.00535,6
Chapter5,40,グラフ,21,0.005107,14
Chapter5,41,ファイル,21,0.005107,36
Chapter5,42,CSV,21,0.005107,38
Chapter5,43,変換,20,0.004864,20
Chapter5,44,Pandas,20,0.004864,28
Chapter5,45,リスト,20,0.004864,44
Chapter5,46,教科,20,0.004864,47
Chapter5,47,情報,19,0.004621,12
Chapter5,48,エッジ,19,0.004621,50
Chapter5,49,Colab,18,0.004377,16
Chapter5,50,ソート,18,0.004377,23
Chapter6,1,データ,105,0.052135,3
Chapter6,2,可視,89,0.044191,4
Chapter6,3,パターン,53,0.026316,1
Chapter6,4,作品,48,0.023833,5
Chapter6,5,発見,44,0.021847,24
Chapter6,6,データビジュアライゼーション,41,0.020357,8
Chapter6,7,情報,29,0.014399,17
Chapter6,8,探索,25,0.012413,29
Chapter6,9,Exploring,21,0.010427,41
Chapter6,10,物語,20,0.00993,13
Chapter6,11,収集,19,0.009434,6
Chapter6,12,意味,19,0.009434,16
Chapter6,13,変数,19,0.009434,33
Chapter6,14,ステップ,17,0.008441,10
Chapter6,15,理解,17,0.008441,20
Chapter6,16,プロジェクト,17,0.008441,23
Chapter6,17,Diving,17,0.008441,40
Chapter6,18,切り口,15,0.007448,30
Chapter6,19,実践,15,0.007448,45
Chapter6,20,方法,14,0.006951,2
Chapter6,21,操作,14,0.006951,9
Chapter6,22,自分,13,0.006455,27
Chapter6,23,状況,13,0.006455,48
Chapter6,24,解決,13,0.006455,49
Chapter6,25,DEXAS,12,0.005958,37
Chapter6,26,記録,12,0.005958,43
Chapter6,27,気温,12,0.005958,46
Chapter6,28,分析,11,0.005462,7
Chapter6,29,グラフ,11,0.005462,12
Chapter6,30,紹介,11,0.005462,22
Chapter6,31,Assembling,11,0.005462,44
Chapter6,32,規模,10,0.004965,15
Chapter6,33,部分,10,0.004965,21
Chapter6,34,説明,10,0.004965,26
Chapter6,35,考え方,9,0.004469,14
Chapter6,36,視点,9,0.004469,25
Chapter6,37,数値,9,0.004469,28
Chapter6,38,内容,9,0.004469,36
Chapter6,39,最初,9,0.004469,42
Chapter6,40,ヒント,9,0.004469,50
Chapter6,41,表現,8,0.003972,11
Chapter6,42,専門,8,0.003972,18
Chapter6,43,知識,8,0.003972,19
Chapter6,44,特徴,8,0.003972,31
Chapter6,45,意識,8,0.003972,32
Chapter6,46,変化,8,0.003972,34
Chapter6,47,確認,8,0.003972,35
Chapter6,48,性質,8,0.003972,38
Chapter6,49,背景,8,0.003972,39
Chapter6,50,調整,8,0.003972,47
Afterword,1,データ,12,0.087591,15
Afterword,2,データビジュアライゼーション,5,0.036496,11
Afterword,3,パターン,4,0.029197,9
Afterword,4,本書,3,0.021898,1
Afterword,5,方法,3,0.021898,19
Afterword,6,作品,3,0.021898,36
Afterword,7,可視,3,0.021898,42
Afterword,8,技術,3,0.021898,43
Afterword,9,物語,3,0.021898,45
Afterword,10,コード,2,0.014599,7
Afterword,11,原理,2,0.014599,22
Afterword,12,問い,2,0.014599,44
Afterword,13,考え方,2,0.014599,46
Afterword,14,皆さん,2,0.014599,47
Afterword,15,自分,2,0.014599,48
Afterword,16,成績,2,0.014599,49
Afterword,17,そのもの,2,0.014599,50
Afterword,18,最後,1,0.007299,2
Afterword,19,Processing,1,0.007299,3
Afterword,20,画面,1,0.007299,4
Afterword,21,図形,1,0.007299,5
Afterword,22,数行,1,0.007299,6
Afterword,23,四角,1,0.007299,8
Afterword,24,体験,1,0.007299,10
Afterword,25,本質,1,0.007299,12
Afterword,26,CSV,1,0.007299,13
Afterword,27,ファイル,1,0.007299,14
Afterword,28,棒グラフ,1,0.007299,16
Afterword,29,折れ線グラフ,1,0.007299,17
Afterword,30,描画,1,0.007299,18
Afterword,31,位置,1,0.007299,20
Afterword,32,変換,1,0.007299,21
Afterword,33,土台,1,0.007299,23
Afterword,34,応用,1,0.007299,24
Afterword,35,地図,1,0.007299,25
Afterword,36,ヒートマップ,1,0.007299,26
Afterword,37,ネットワーク,1,0.007299,27
Afterword,38,アニメーション,1,0.007299,28
Afterword,39,表現,1,0.007299,29
Afterword,40,マウス,1,0.007299,30
Afterword,41,キーボード,1,0.007299,31
Afterword,42,GUI,1,0.007299,32
Afterword,43,コンポーネント,1,0.007299,33
Afterword,44,対話,1,0.007299,34
Afterword,45,インタラクティブ,1,0.007299,35
Afterword,46,作り方,1,0.007299,37
Afterword,47,Python,1,0.007299,38
Afterword,48,収集,1,0.007299,39
Afterword,49,整形,1,0.007299,40
Afterword,50,分析,1,0.007299,41
Appendix,1,関数,49,0.11086,6
Appendix,2,描画,39,0.088235,29
Appendix,3,GPU,24,0.054299,28
Appendix,4,頂点,24,0.054299,44
Appendix,5,指定,21,0.047511,26
Appendix,6,戻り,17,0.038462,11
Appendix,7,Processing,8,0.0181,2
Appendix,8,引数,8,0.0181,17
Appendix,9,CPU,8,0.0181,30
Appendix,10,図形,8,0.0181,42
Appendix,11,処理,7,0.015837,9
Appendix,12,データ,6,0.013575,3
Appendix,13,座標,5,0.011312,22
Appendix,14,ビジュアライズ,4,0.00905,4
Appendix,15,定義,4,0.00905,10
Appendix,16,変数,4,0.00905,18
Appendix,17,関数名,4,0.00905,23
Appendix,18,beginShape,4,0.00905,47
Appendix,19,方法,3,0.006787,8
Appendix,20,計算,3,0.006787,13
Appendix,21,基本,3,0.006787,15
Appendix,22,代入,3,0.006787,20
Appendix,23,最後,3,0.006787,21
Appendix,24,スケッチ,3,0.006787,24
Appendix,25,表現,3,0.006787,25
Appendix,26,line,3,0.006787,35
Appendix,27,順番,3,0.006787,36
Appendix,28,vertex,3,0.006787,45
Appendix,29,endShape,3,0.006787,48
Appendix,30,参照,3,0.006787,49
Appendix,31,実行,3,0.006787,50
Appendix,32,プログラミング,2,0.004525,1
Appendix,33,紹介,2,0.004525,5
Appendix,34,用意,2,0.004525,7
Appendix,35,平均,2,0.004525,12
Appendix,36,画面,2,0.004525,14
Appendix,37,先頭,2,0.004525,16
Appendix,38,average,2,0.004525,19
Appendix,39,result,2,0.004525,27
Appendix,40,Unit,2,0.004525,31
Appendix,41,高速,2,0.004525,32
Appendix,42,並列,2,0.004525,33
Appendix,43,能力,2,0.004525,34
Appendix,44,説明,2,0.004525,37
Appendix,45,動画,2,0.004525,38
Appendix,46,キャンバス,2,0.004525,39
Appendix,47,様子,2,0.004525,40
Appendix,48,指示,2,0.004525,41
Appendix,49,具体,2,0.004525,43
Appendix,50,終点,2,0.004525,46
